﻿<?xml version="1.0" encoding="utf-8"?>
<abapGit version="v1.0.0" serializer="LCL_OBJECT_CLAS" serializer_version="v1.0.0">
 <asx:abap xmlns:asx="http://www.sap.com/abapxml" version="1.0">
  <asx:values>
   <VSEOCLASS>
    <CLSNAME>ZCL_UI2_JSON</CLSNAME>
    <LANGU>1</LANGU>
    <DESCRIPT>JSON converter</DESCRIPT>
    <STATE>1</STATE>
    <CLSCCINCL>X</CLSCCINCL>
    <FIXPT>X</FIXPT>
    <UNICODE>X</UNICODE>
   </VSEOCLASS>
   <DESCRIPTIONS>
    <SEOCOMPOTX>
     <CLSNAME>ZCL_UI2_JSON</CLSNAME>
     <CMPNAME>BOOL</CMPNAME>
     <LANGU>1</LANGU>
     <DESCRIPT>2 state boolean type (&apos;X&apos; - true, &apos;&apos; - false), as abap_bool</DESCRIPT>
    </SEOCOMPOTX>
    <SEOCOMPOTX>
     <CLSNAME>ZCL_UI2_JSON</CLSNAME>
     <CMPNAME>BOOL_TO_TRIBOOL</CMPNAME>
     <LANGU>1</LANGU>
     <DESCRIPT>Convertes 2 state bool to 3 state bool</DESCRIPT>
    </SEOCOMPOTX>
    <SEOCOMPOTX>
     <CLSNAME>ZCL_UI2_JSON</CLSNAME>
     <CMPNAME>CLASS_CONSTRUCTOR</CMPNAME>
     <LANGU>1</LANGU>
     <DESCRIPT>CLASS_CONSTRUCTOR</DESCRIPT>
    </SEOCOMPOTX>
    <SEOCOMPOTX>
     <CLSNAME>ZCL_UI2_JSON</CLSNAME>
     <CMPNAME>CONSTRUCTOR</CMPNAME>
     <LANGU>1</LANGU>
     <DESCRIPT>CONSTRUCTOR</DESCRIPT>
    </SEOCOMPOTX>
    <SEOCOMPOTX>
     <CLSNAME>ZCL_UI2_JSON</CLSNAME>
     <CMPNAME>DESERIALIZE</CMPNAME>
     <LANGU>1</LANGU>
     <DESCRIPT>Serializes object</DESCRIPT>
    </SEOCOMPOTX>
    <SEOCOMPOTX>
     <CLSNAME>ZCL_UI2_JSON</CLSNAME>
     <CMPNAME>DESERIALIZE_INT</CMPNAME>
     <LANGU>1</LANGU>
     <DESCRIPT>Deserializes ABAP object from JSON</DESCRIPT>
    </SEOCOMPOTX>
    <SEOCOMPOTX>
     <CLSNAME>ZCL_UI2_JSON</CLSNAME>
     <CMPNAME>DUMP</CMPNAME>
     <LANGU>1</LANGU>
     <DESCRIPT>Recursive conversion</DESCRIPT>
    </SEOCOMPOTX>
    <SEOCOMPOTX>
     <CLSNAME>ZCL_UI2_JSON</CLSNAME>
     <CMPNAME>DUMP_SYMBOLS</CMPNAME>
     <LANGU>1</LANGU>
     <DESCRIPT>Dump to JSON symbol table</DESCRIPT>
    </SEOCOMPOTX>
    <SEOCOMPOTX>
     <CLSNAME>ZCL_UI2_JSON</CLSNAME>
     <CMPNAME>DUMP_TYPE</CMPNAME>
     <LANGU>1</LANGU>
     <DESCRIPT>Dumps elementary type to string</DESCRIPT>
    </SEOCOMPOTX>
    <SEOCOMPOTX>
     <CLSNAME>ZCL_UI2_JSON</CLSNAME>
     <CMPNAME>DUMP_TYPE_EX</CMPNAME>
     <LANGU>1</LANGU>
     <DESCRIPT>Dumps elementary type to string (no type description needed)</DESCRIPT>
    </SEOCOMPOTX>
    <SEOCOMPOTX>
     <CLSNAME>ZCL_UI2_JSON</CLSNAME>
     <CMPNAME>ESCAPE</CMPNAME>
     <LANGU>1</LANGU>
     <DESCRIPT>Escapes JSON String</DESCRIPT>
    </SEOCOMPOTX>
    <SEOCOMPOTX>
     <CLSNAME>ZCL_UI2_JSON</CLSNAME>
     <CMPNAME>GENERATE</CMPNAME>
     <LANGU>1</LANGU>
     <DESCRIPT>Generates ABAP object from JSON</DESCRIPT>
    </SEOCOMPOTX>
    <SEOCOMPOTX>
     <CLSNAME>ZCL_UI2_JSON</CLSNAME>
     <CMPNAME>GENERATE_INT</CMPNAME>
     <LANGU>1</LANGU>
     <DESCRIPT>Generates ABAP object from JSON</DESCRIPT>
    </SEOCOMPOTX>
    <SEOCOMPOTX>
     <CLSNAME>ZCL_UI2_JSON</CLSNAME>
     <CMPNAME>GENERATE_INT_EX</CMPNAME>
     <LANGU>1</LANGU>
     <DESCRIPT>Generates ABAP object from JSON</DESCRIPT>
    </SEOCOMPOTX>
    <SEOCOMPOTX>
     <CLSNAME>ZCL_UI2_JSON</CLSNAME>
     <CMPNAME>GET_FIELDS</CMPNAME>
     <LANGU>1</LANGU>
     <DESCRIPT>Prepares structure fields cache</DESCRIPT>
    </SEOCOMPOTX>
    <SEOCOMPOTX>
     <CLSNAME>ZCL_UI2_JSON</CLSNAME>
     <CMPNAME>GET_SYMBOLS</CMPNAME>
     <LANGU>1</LANGU>
     <DESCRIPT>Alternative impl. of CL_ABAP_STRUCTDESCR=&gt;GET_SYMBOLS_TAB</DESCRIPT>
    </SEOCOMPOTX>
    <SEOCOMPOTX>
     <CLSNAME>ZCL_UI2_JSON</CLSNAME>
     <CMPNAME>IS_COMPRESSABLE</CMPNAME>
     <LANGU>1</LANGU>
     <DESCRIPT>Check if initial field shall be compressed</DESCRIPT>
    </SEOCOMPOTX>
    <SEOCOMPOTX>
     <CLSNAME>ZCL_UI2_JSON</CLSNAME>
     <CMPNAME>JSON</CMPNAME>
     <LANGU>1</LANGU>
     <DESCRIPT>JSON string</DESCRIPT>
    </SEOCOMPOTX>
    <SEOCOMPOTX>
     <CLSNAME>ZCL_UI2_JSON</CLSNAME>
     <CMPNAME>MC_KEY_SEPARATOR</CMPNAME>
     <LANGU>1</LANGU>
     <DESCRIPT>Separator inserted between parts of compound keys</DESCRIPT>
    </SEOCOMPOTX>
    <SEOCOMPOTX>
     <CLSNAME>ZCL_UI2_JSON</CLSNAME>
     <CMPNAME>MV_EXTENDED</CMPNAME>
     <LANGU>1</LANGU>
     <DESCRIPT>2 state boolean type (&apos;X&apos; - true, &apos;&apos; - false), as abap_bool</DESCRIPT>
    </SEOCOMPOTX>
    <SEOCOMPOTX>
     <CLSNAME>ZCL_UI2_JSON</CLSNAME>
     <CMPNAME>MV_NUMC_AS_STRING</CMPNAME>
     <LANGU>1</LANGU>
     <DESCRIPT>2 state boolean type (&apos;X&apos; - true, &apos;&apos; - false), as abap_bool</DESCRIPT>
    </SEOCOMPOTX>
    <SEOCOMPOTX>
     <CLSNAME>ZCL_UI2_JSON</CLSNAME>
     <CMPNAME>MV_PRETTY_NAME</CMPNAME>
     <LANGU>1</LANGU>
     <DESCRIPT>Name conversion mode</DESCRIPT>
    </SEOCOMPOTX>
    <SEOCOMPOTX>
     <CLSNAME>ZCL_UI2_JSON</CLSNAME>
     <CMPNAME>PRETTY_NAME</CMPNAME>
     <LANGU>1</LANGU>
     <DESCRIPT>PrettyPrint names</DESCRIPT>
    </SEOCOMPOTX>
    <SEOCOMPOTX>
     <CLSNAME>ZCL_UI2_JSON</CLSNAME>
     <CMPNAME>PRETTY_NAME_EX</CMPNAME>
     <LANGU>1</LANGU>
     <DESCRIPT>PrettyPrint names in extended form</DESCRIPT>
    </SEOCOMPOTX>
    <SEOCOMPOTX>
     <CLSNAME>ZCL_UI2_JSON</CLSNAME>
     <CMPNAME>PRETTY_NAME_MODE</CMPNAME>
     <LANGU>1</LANGU>
     <DESCRIPT>Name conversion mode</DESCRIPT>
    </SEOCOMPOTX>
    <SEOCOMPOTX>
     <CLSNAME>ZCL_UI2_JSON</CLSNAME>
     <CMPNAME>RAW_TO_STRING</CMPNAME>
     <LANGU>1</LANGU>
     <DESCRIPT>Converts XSTRING to STRING</DESCRIPT>
    </SEOCOMPOTX>
    <SEOCOMPOTX>
     <CLSNAME>ZCL_UI2_JSON</CLSNAME>
     <CMPNAME>RESTORE</CMPNAME>
     <LANGU>1</LANGU>
     <DESCRIPT>Deserialize JSON to ABAP</DESCRIPT>
    </SEOCOMPOTX>
    <SEOCOMPOTX>
     <CLSNAME>ZCL_UI2_JSON</CLSNAME>
     <CMPNAME>RESTORE_TYPE</CMPNAME>
     <LANGU>1</LANGU>
     <DESCRIPT>Deserialize JSON to ABAP</DESCRIPT>
    </SEOCOMPOTX>
    <SEOCOMPOTX>
     <CLSNAME>ZCL_UI2_JSON</CLSNAME>
     <CMPNAME>SERIALIZE</CMPNAME>
     <LANGU>1</LANGU>
     <DESCRIPT>Serializes object</DESCRIPT>
    </SEOCOMPOTX>
    <SEOCOMPOTX>
     <CLSNAME>ZCL_UI2_JSON</CLSNAME>
     <CMPNAME>SERIALIZE_INT</CMPNAME>
     <LANGU>1</LANGU>
     <DESCRIPT>Serializes ABAP object to JSON</DESCRIPT>
    </SEOCOMPOTX>
    <SEOCOMPOTX>
     <CLSNAME>ZCL_UI2_JSON</CLSNAME>
     <CMPNAME>STRING_TO_RAW</CMPNAME>
     <LANGU>1</LANGU>
     <DESCRIPT>Converts STRING to XSTRING</DESCRIPT>
    </SEOCOMPOTX>
    <SEOCOMPOTX>
     <CLSNAME>ZCL_UI2_JSON</CLSNAME>
     <CMPNAME>STRING_TO_XSTRING</CMPNAME>
     <LANGU>1</LANGU>
     <DESCRIPT>Converts XSTRING data to STRING</DESCRIPT>
    </SEOCOMPOTX>
    <SEOCOMPOTX>
     <CLSNAME>ZCL_UI2_JSON</CLSNAME>
     <CMPNAME>SV_WHITE_SPACE</CMPNAME>
     <LANGU>1</LANGU>
     <DESCRIPT>White space characters</DESCRIPT>
    </SEOCOMPOTX>
    <SEOCOMPOTX>
     <CLSNAME>ZCL_UI2_JSON</CLSNAME>
     <CMPNAME>TRIBOOL</CMPNAME>
     <LANGU>1</LANGU>
     <DESCRIPT>3 state boolean type (&apos;X&apos;-true, &apos;-&apos;-false, &apos;&apos;-undefined)</DESCRIPT>
    </SEOCOMPOTX>
    <SEOCOMPOTX>
     <CLSNAME>ZCL_UI2_JSON</CLSNAME>
     <CMPNAME>TRIBOOL_TO_BOOL</CMPNAME>
     <LANGU>1</LANGU>
     <DESCRIPT>Convertes 3 state bool to 2 state bool</DESCRIPT>
    </SEOCOMPOTX>
    <SEOCOMPOTX>
     <CLSNAME>ZCL_UI2_JSON</CLSNAME>
     <CMPNAME>T_S_SYMBOL</CMPNAME>
     <LANGU>1</LANGU>
     <DESCRIPT>Helper type for structure fields iteration</DESCRIPT>
    </SEOCOMPOTX>
    <SEOCOMPOTX>
     <CLSNAME>ZCL_UI2_JSON</CLSNAME>
     <CMPNAME>T_T_SYMBOL</CMPNAME>
     <LANGU>1</LANGU>
     <DESCRIPT>Standard table of T_S_SYMBOL</DESCRIPT>
    </SEOCOMPOTX>
    <SEOCOMPOTX>
     <CLSNAME>ZCL_UI2_JSON</CLSNAME>
     <CMPNAME>VERSION</CMPNAME>
     <LANGU>1</LANGU>
     <DESCRIPT>Version of the parser logic</DESCRIPT>
    </SEOCOMPOTX>
    <SEOCOMPOTX>
     <CLSNAME>ZCL_UI2_JSON</CLSNAME>
     <CMPNAME>XSTRING_TO_STRING</CMPNAME>
     <LANGU>1</LANGU>
     <DESCRIPT>Converts XSTRING data to STRING</DESCRIPT>
    </SEOCOMPOTX>
   </DESCRIPTIONS>
  </asx:values>
 </asx:abap>
</abapGit>
