﻿<?xml version="1.0" encoding="utf-8"?>
<abapGit version="v1.0.0" serializer="LCL_OBJECT_DTEL" serializer_version="v1.0.0">
 <asx:abap xmlns:asx="http://www.sap.com/abapxml" version="1.0">
  <asx:values>
   <DD04V>
    <ROLLNAME>ZE_INTER_MSG_KEY</ROLLNAME>
    <DDLANGUAGE>1</DDLANGUAGE>
    <HEADLEN>55</HEADLEN>
    <SCRLEN1>10</SCRLEN1>
    <SCRLEN2>20</SCRLEN2>
    <SCRLEN3>40</SCRLEN3>
    <DDTEXT>接口报文 关键数据</DDTEXT>
    <REPTEXT>接口报文 关键数据</REPTEXT>
    <SCRTEXT_S>接口报文 关键数据</SCRTEXT_S>
    <SCRTEXT_M>接口报文 关键数据</SCRTEXT_M>
    <SCRTEXT_L>接口报文 关键数据</SCRTEXT_L>
    <DTELMASTER>1</DTELMASTER>
    <DATATYPE>CHAR</DATATYPE>
    <LENG>000255</LENG>
    <OUTPUTLEN>000255</OUTPUTLEN>
   </DD04V>
  </asx:values>
 </asx:abap>
</abapGit>
