﻿<?xml version="1.0" encoding="utf-8"?>
<abapGit version="v1.0.0" serializer="LCL_OBJECT_FUGR" serializer_version="v1.0.0">
 <asx:abap xmlns:asx="http://www.sap.com/abapxml" version="1.0">
  <asx:values>
   <AREAT>接口演示</AREAT>
   <INCLUDES>
    <SOBJ_NAME>LZFG_GTDOME_0001TOP</SOBJ_NAME>
    <SOBJ_NAME>SAPLZFG_GTDOME_0001</SOBJ_NAME>
   </INCLUDES>
   <FUNCTIONS>
    <item>
     <FUNCNAME>ZFM_DOME_001</FUNCNAME>
     <SHORT_TEXT>演示接口</SHORT_TEXT>
     <IMPORT>
      <RSIMP>
       <PARAMETER>IV_INPUT</PARAMETER>
       <REFERENCE>X</REFERENCE>
       <TYP>STRING</TYP>
      </RSIMP>
     </IMPORT>
     <EXPORT>
      <RSEXP>
       <PARAMETER>ES_INFO</PARAMETER>
       <REFERENCE>X</REFERENCE>
       <TYP>ZSGD_INTER_INFO</TYP>
      </RSEXP>
      <RSEXP>
       <PARAMETER>EV_OUTPUT</PARAMETER>
       <REFERENCE>X</REFERENCE>
       <TYP>STRING</TYP>
      </RSEXP>
     </EXPORT>
     <DOCUMENTATION>
      <RSFDO>
       <PARAMETER>IV_INPUT</PARAMETER>
       <KIND>P</KIND>
      </RSFDO>
      <RSFDO>
       <PARAMETER>ES_INFO</PARAMETER>
       <KIND>P</KIND>
       <STEXT>接口信息</STEXT>
      </RSFDO>
      <RSFDO>
       <PARAMETER>EV_OUTPUT</PARAMETER>
       <KIND>P</KIND>
      </RSFDO>
     </DOCUMENTATION>
    </item>
    <item>
     <FUNCNAME>ZFM_DOME_002</FUNCNAME>
     <SHORT_TEXT>演示调用外围系统平台</SHORT_TEXT>
     <IMPORT>
      <RSIMP>
       <PARAMETER>IS_DATA</PARAMETER>
       <REFERENCE>X</REFERENCE>
       <TYP>ZSGD_DOME_001</TYP>
      </RSIMP>
     </IMPORT>
     <EXPORT>
      <RSEXP>
       <PARAMETER>EV_MSGTYP</PARAMETER>
       <REFERENCE>X</REFERENCE>
       <TYP>STRING</TYP>
      </RSEXP>
      <RSEXP>
       <PARAMETER>EV_MSG</PARAMETER>
       <REFERENCE>X</REFERENCE>
       <TYP>STRING</TYP>
      </RSEXP>
     </EXPORT>
     <DOCUMENTATION>
      <RSFDO>
       <PARAMETER>IS_DATA</PARAMETER>
       <KIND>P</KIND>
       <STEXT>dome小程序</STEXT>
      </RSFDO>
      <RSFDO>
       <PARAMETER>EV_MSGTYP</PARAMETER>
       <KIND>P</KIND>
      </RSFDO>
      <RSFDO>
       <PARAMETER>EV_MSG</PARAMETER>
       <KIND>P</KIND>
      </RSFDO>
     </DOCUMENTATION>
    </item>
    <item>
     <FUNCNAME>ZFM_DOME_003</FUNCNAME>
     <SHORT_TEXT>OA获取token演示</SHORT_TEXT>
    </item>
   </FUNCTIONS>
  </asx:values>
 </asx:abap>
</abapGit>
