﻿<?xml version="1.0" encoding="utf-8"?>
<abapGit version="v1.0.0" serializer="LCL_OBJECT_TRAN" serializer_version="v1.0.0">
 <asx:abap xmlns:asx="http://www.sap.com/abapxml" version="1.0">
  <asx:values>
   <TSTC>
    <TCODE>ZGD004</TCODE>
    <CINFO>Ag==</CINFO>
   </TSTC>
   <TSTCC>
    <TCODE>ZGD004</TCODE>
    <S_WEBGUI>1</S_WEBGUI>
    <S_WIN32>X</S_WIN32>
    <S_PLATIN>X</S_PLATIN>
   </TSTCC>
   <TSTCT>
    <SPRSL>1</SPRSL>
    <TCODE>ZGD004</TCODE>
    <TTEXT>生产服务配置（外部调用接口）</TTEXT>
   </TSTCT>
   <TSTCP>
    <TCODE>ZGD004</TCODE>
    <PARAM>/*SM30 VIEWNAME=ZTGD0003;UPDATE=X;</PARAM>
   </TSTCP>
  </asx:values>
 </asx:abap>
</abapGit>
